artist,mean,var
Rick Astley,0.0944579910463321,0.01080177120500974
